{"data_time": 0.0011957110837101936, "eta_seconds": 38.264123601838946, "fast_rcnn/cls_accuracy": 0.8369140625, "fast_rcnn/false_negative": 1.0, "fast_rcnn/fg_cls_accuracy": 0.0, "iteration": 19, "loss_box_reg": 0.4143434166908264, "loss_cls": 0.8358003795146942, "loss_mask": 0.6729987263679504, "loss_rpn_cls": 0.584086537361145, "loss_rpn_loc": 0.3542962819337845, "lr": 0.0015384799999999998, "mask_rcnn/accuracy": 0.7792417741366946, "mask_rcnn/false_negative": 0.4712747340853475, "mask_rcnn/false_positive": 0.1445102861141168, "roi_head/num_bg_samples": 428.5, "roi_head/num_fg_samples": 83.5, "rpn/num_neg_anchors": 128.0, "rpn/num_pos_anchors": 128.0, "time": 0.16636575479060411, "total_loss": 2.880622386932373, "total_val_loss": 2.9422303810715675, "val_loss_box_reg": 0.23243311047554016, "val_loss_cls": 0.6342953443527222, "val_loss_mask": 0.6665533483028412, "val_loss_rpn_cls": 0.6754695475101471, "val_loss_rpn_loc": 0.39846503734588623}
{"data_time": 0.0012083742767572403, "eta_seconds": 35.21487096324563, "fast_rcnn/cls_accuracy": 0.83984375, "fast_rcnn/false_negative": 0.7109375, "fast_rcnn/fg_cls_accuracy": 0.2890625, "iteration": 39, "loss_box_reg": 0.6771083176136017, "loss_cls": 0.5050358176231384, "loss_mask": 0.4588598608970642, "loss_rpn_cls": 0.35822558403015137, "loss_rpn_loc": 0.36015641689300537, "lr": 0.0031368800000000003, "mask_rcnn/accuracy": 0.7901066827697263, "mask_rcnn/false_negative": 0.31384472036905225, "mask_rcnn/false_positive": 0.18606525437335272, "roi_head/num_bg_samples": 409.0, "roi_head/num_fg_samples": 103.0, "rpn/num_neg_anchors": 128.0, "rpn/num_pos_anchors": 128.0, "time": 0.1685105161741376, "total_loss": 2.343325674533844, "total_val_loss": 2.3747623562812805, "val_loss_box_reg": 0.426635280251503, "val_loss_cls": 0.553340882062912, "val_loss_mask": 0.5641286075115204, "val_loss_rpn_cls": 0.569388747215271, "val_loss_rpn_loc": 0.35837189853191376}
{"data_time": 0.0012593790888786316, "eta_seconds": 32.113325046375394, "fast_rcnn/cls_accuracy": 0.8623046875, "fast_rcnn/false_negative": 0.6290343237704918, "fast_rcnn/fg_cls_accuracy": 0.3586705942622951, "iteration": 59, "loss_box_reg": 0.5896179676055908, "loss_cls": 0.3985299915075302, "loss_mask": 0.3666471540927887, "loss_rpn_cls": 0.27695442736148834, "loss_rpn_loc": 0.33429913222789764, "lr": 0.00473528, "mask_rcnn/accuracy": 0.8025749362244898, "mask_rcnn/false_negative": 0.3170145278588721, "mask_rcnn/false_positive": 0.1601829614662803, "roi_head/num_bg_samples": 415.5, "roi_head/num_fg_samples": 96.5, "rpn/num_neg_anchors": 128.0, "rpn/num_pos_anchors": 128.0, "time": 0.17196804471313953, "total_loss": 2.0281073600053787, "total_val_loss": 2.5443934500217438, "val_loss_box_reg": 0.3525613844394684, "val_loss_cls": 0.6266293227672577, "val_loss_mask": 0.5735271275043488, "val_loss_rpn_cls": 0.6564293801784515, "val_loss_rpn_loc": 0.3666737973690033}
{"data_time": 0.0011730007827281952, "eta_seconds": 28.72805319726467, "fast_rcnn/cls_accuracy": 0.86328125, "fast_rcnn/false_negative": 0.7083825265643447, "fast_rcnn/fg_cls_accuracy": 0.29161747343565525, "iteration": 79, "loss_box_reg": 0.48601438105106354, "loss_cls": 0.3846723586320877, "loss_mask": 0.35216861963272095, "loss_rpn_cls": 0.3045307844877243, "loss_rpn_loc": 0.3242861330509186, "lr": 0.00633368, "mask_rcnn/accuracy": 0.8100878919060737, "mask_rcnn/false_negative": 0.3331758629377677, "mask_rcnn/false_positive": 0.11418437732881703, "roi_head/num_bg_samples": 436.5, "roi_head/num_fg_samples": 75.5, "rpn/num_neg_anchors": 128.0, "rpn/num_pos_anchors": 128.0, "time": 0.16776764206588268, "total_loss": 1.821293793618679, "total_val_loss": 2.6086595207452774, "val_loss_box_reg": 0.40317873656749725, "val_loss_cls": 0.5667731165885925, "val_loss_mask": 0.548040121793747, "val_loss_rpn_cls": 0.5856102705001831, "val_loss_rpn_loc": 0.3392714112997055}
{"data_time": 0.001211109571158886, "eta_seconds": 25.363005185499787, "fast_rcnn/cls_accuracy": 0.845703125, "fast_rcnn/false_negative": 0.5320131030375224, "fast_rcnn/fg_cls_accuracy": 0.4516825491363907, "iteration": 99, "loss_box_reg": 0.5649130344390869, "loss_cls": 0.39675088226795197, "loss_mask": 0.34204529225826263, "loss_rpn_cls": 0.26554813981056213, "loss_rpn_loc": 0.2958308458328247, "lr": 0.007932080000000001, "mask_rcnn/accuracy": 0.8291388226486247, "mask_rcnn/false_negative": 0.20258878628582894, "mask_rcnn/false_positive": 0.1965818538297967, "roi_head/num_bg_samples": 401.0, "roi_head/num_fg_samples": 111.0, "rpn/num_neg_anchors": 128.0, "rpn/num_pos_anchors": 128.0, "time": 0.17061575781553984, "total_loss": 1.9406075924634933, "total_val_loss": 2.734473302960396, "val_loss_box_reg": 0.4783591479063034, "val_loss_cls": 0.5830599367618561, "val_loss_mask": 0.5864616930484772, "val_loss_rpn_cls": 0.6689557433128357, "val_loss_rpn_loc": 0.38696208596229553}
{"data_time": 0.001171395182609558, "eta_seconds": 21.991901639848948, "fast_rcnn/cls_accuracy": 0.8427734375, "fast_rcnn/false_negative": 0.5, "fast_rcnn/fg_cls_accuracy": 0.49609375, "iteration": 119, "loss_box_reg": 0.5622163116931915, "loss_cls": 0.39415132999420166, "loss_mask": 0.3252042084932327, "loss_rpn_cls": 0.2602710425853729, "loss_rpn_loc": 0.39350317418575287, "lr": 0.009530480000000001, "mask_rcnn/accuracy": 0.8318319515306123, "mask_rcnn/false_negative": 0.2382705852029634, "mask_rcnn/false_positive": 0.13251477263892902, "roi_head/num_bg_samples": 392.5, "roi_head/num_fg_samples": 119.5, "rpn/num_neg_anchors": 128.0, "rpn/num_pos_anchors": 128.0, "time": 0.17063406761735678, "total_loss": 1.9576184824109077, "total_val_loss": 2.8331717401742935, "val_loss_box_reg": 0.45575523376464844, "val_loss_cls": 0.6240750253200531, "val_loss_mask": 0.53739133477211, "val_loss_rpn_cls": 0.6035574078559875, "val_loss_rpn_loc": 0.3782951384782791}
{"data_time": 0.0011929990723729134, "eta_seconds": 18.710153363645077, "fast_rcnn/cls_accuracy": 0.8466796875, "fast_rcnn/false_negative": 0.6292929292929292, "fast_rcnn/fg_cls_accuracy": 0.3607638888888889, "iteration": 139, "loss_box_reg": 0.5032664835453033, "loss_cls": 0.3935677707195282, "loss_mask": 0.36646513640880585, "loss_rpn_cls": 0.2910516858100891, "loss_rpn_loc": 0.41334840655326843, "lr": 0.01112888, "mask_rcnn/accuracy": 0.8015196941548358, "mask_rcnn/false_negative": 0.24400898518349498, "mask_rcnn/false_positive": 0.18681072787908398, "roi_head/num_bg_samples": 414.5, "roi_head/num_fg_samples": 97.5, "rpn/num_neg_anchors": 128.0, "rpn/num_pos_anchors": 128.0, "time": 0.17154989670962095, "total_loss": 1.895205870270729, "total_val_loss": 2.768697276711464, "val_loss_box_reg": 0.4415688216686249, "val_loss_cls": 0.6016475558280945, "val_loss_mask": 0.5902918875217438, "val_loss_rpn_cls": 0.6214975714683533, "val_loss_rpn_loc": 0.3842886984348297}
{"data_time": 0.0011792127043008804, "eta_seconds": 15.30830729752779, "fast_rcnn/cls_accuracy": 0.8232421875, "fast_rcnn/false_negative": 0.71484375, "fast_rcnn/fg_cls_accuracy": 0.28125, "iteration": 159, "loss_box_reg": 0.5503659248352051, "loss_cls": 0.45136064291000366, "loss_mask": 0.41938650608062744, "loss_rpn_cls": 0.25341978669166565, "loss_rpn_loc": 0.34012989699840546, "lr": 0.01272728, "mask_rcnn/accuracy": 0.7922911352040817, "mask_rcnn/false_negative": 0.34476540976110337, "mask_rcnn/false_positive": 0.17439197979933094, "roi_head/num_bg_samples": 401.5, "roi_head/num_fg_samples": 110.5, "rpn/num_neg_anchors": 128.0, "rpn/num_pos_anchors": 128.0, "time": 0.16995189990848303, "total_loss": 2.0824296176433563, "total_val_loss": 2.415758967399597, "val_loss_box_reg": 0.38613924384117126, "val_loss_cls": 0.5231165587902069, "val_loss_mask": 0.504575178027153, "val_loss_rpn_cls": 0.6654581427574158, "val_loss_rpn_loc": 0.35307712852954865}
{"data_time": 0.0011767605319619179, "eta_seconds": 11.906461231410503, "fast_rcnn/cls_accuracy": 0.84375, "fast_rcnn/false_negative": 0.62109375, "fast_rcnn/fg_cls_accuracy": 0.37890625, "iteration": 179,